<!--
  ~ Zuercher Hochschule fuer Angewandte Wissenschaften (ZHAW)
  ~ School of Engineering (SoE)
  ~ InES Institut of Embedded Systems
  ~
  ~   Bachelorarbeit BA19_gruj_10
  ~   Projekt FMS
  ~   Darius Eckhardt (eckhadar)
  ~   Ibrahim Evren   (evrenibr)
  ~
  ~   07.06.2019, Winterthur Switzerland
  ~
  ~   This Software is based on the ble_app_uart, SDK Version 15.2.0
  ~   It has been modified to fit the needs of the Project FMS
  ~   For correct functionality this Software has to be placed into the same folder as the SDK.
  ~
  ~   Copyright (c) 2015, Nordic Semiconductor
  ~   All rights reserved.
  ~
  ~   Redistribution and use in source and binary forms, with or without
  ~   modification, are permitted provided that the following conditions are met:
  ~
  ~   * Redistributions of source code must retain the above copyright notice, this
  ~     list of conditions and the following disclaimer.
  ~
  ~   * Redistributions in binary form must reproduce the above copyright notice,
  ~     this list of conditions and the following disclaimer in the documentation
  ~     and/or other materials provided with the distribution.
  ~
  ~   * Neither the name of nRF UART nor the names of its
  ~     contributors may be used to endorse or promote products derived from
  ~     this software without specific prior written permission.
  ~
  ~   THIS SOFTWARE IS PROVIDED BY THE COPYRIGHT HOLDERS AND CONTRIBUTORS "AS IS"
  ~   AND ANY EXPRESS OR IMPLIED WARRANTIES, INCLUDING, BUT NOT LIMITED TO, THE
  ~   IMPLIED WARRANTIES OF MERCHANTABILITY AND FITNESS FOR A PARTICULAR PURPOSE ARE
  ~   DISCLAIMED. IN NO EVENT SHALL THE COPYRIGHT HOLDER OR CONTRIBUTORS BE LIABLE
  ~   FOR ANY DIRECT, INDIRECT, INCIDENTAL, SPECIAL, EXEMPLARY, OR CONSEQUENTIAL
  ~   DAMAGES (INCLUDING, BUT NOT LIMITED TO, PROCUREMENT OF SUBSTITUTE GOODS OR
  ~   SERVICES; LOSS OF USE, DATA, OR PROFITS; OR BUSINESS INTERRUPTION) HOWEVER
  ~   CAUSED AND ON ANY THEORY OF LIABILITY, WHETHER IN CONTRACT, STRICT LIABILITY,
  ~   OR TORT (INCLUDING NEGLIGENCE OR OTHERWISE) ARISING IN ANY WAY OUT OF THE USE
  ~   OF THIS SOFTWARE, EVEN IF ADVISED OF THE POSSIBILITY OF SUCH DAMAGE.
  ~
  -->

<resources>

    <style name="AppTheme.NoActionBar">
        <item name="windowActionBar">false</item>
        <item name="windowNoTitle">true</item>
        <item name="android:statusBarColor">@android:color/transparent</item>
    </style>
</resources>
